<?xml version="1.0" encoding="UTF-8"?>
<project-private xmlns="http://www.netbeans.org/ns/project-private/1">
    <editor-bookmarks xmlns="http://www.netbeans.org/ns/editor-bookmarks/2" lastBookmarkId="0"/>
    <open-files xmlns="http://www.netbeans.org/ns/projectui-open-files/2">
        <group>
            <file>file:/C:/Users/ACER/OneDrive/Documents/NetBeansProjects/BloodLink_Group8_37A/src/view/SignUppage2.java</file>
            <file>file:/C:/Users/ACER/OneDrive/Documents/NetBeansProjects/BloodLink_Group8_37A/src/Databasee/MySql.java</file>
            <file>file:/C:/Users/ACER/OneDrive/Documents/NetBeansProjects/BloodLink_Group8_37A/src/view/Donote.java</file>
            <file>file:/C:/Users/ACER/OneDrive/Documents/NetBeansProjects/BloodLink_Group8_37A/src/view/SignUpPage.java</file>
            <file>file:/C:/Users/ACER/OneDrive/Documents/NetBeansProjects/BloodLink_Group8_37A/src/view/NewClass.java</file>
            <file>file:/C:/Users/ACER/OneDrive/Documents/NetBeansProjects/BloodLink_Group8_37A/src/view/Blood%20Link%20logo%20(2).jpeg</file>
            <file>file:/C:/Users/ACER/OneDrive/Documents/NetBeansProjects/BloodLink_Group8_37A/src/Databasee/Database.java</file>
            <file>file:/C:/Users/ACER/OneDrive/Documents/NetBeansProjects/BloodLink_Group8_37A/src/model/User.java</file>
            <file>file:/C:/Users/ACER/OneDrive/Documents/NetBeansProjects/BloodLink_Group8_37A/src/controller/signuppcontroller.java</file>
            <file>file:/C:/Users/ACER/OneDrive/Documents/NetBeansProjects/BloodLink_Group8_37A/src/bloodlink_group8_37a/BloodLink_Group8_37A.java</file>
            <file>file:/C:/Users/ACER/OneDrive/Documents/NetBeansProjects/BloodLink_Group8_37A/src/bloodlink_group8_37a/background.jpeg</file>
            <file>file:/C:/Users/ACER/OneDrive/Documents/NetBeansProjects/BloodLink_Group8_37A/src/Dao/UserDao.java</file>
            <file>file:/C:/Users/ACER/OneDrive/Documents/NetBeansProjects/BloodLink_Group8_37A/src/view/Donationhistory.java</file>
            <file>file:/C:/Users/ACER/OneDrive/Documents/NetBeansProjects/BloodLink_Group8_37A/src/view/resetpassword.java</file>
            <file>file:/C:/Users/ACER/OneDrive/Documents/NetBeansProjects/BloodLink_Group8_37A/src/view/WhatsApp%20Image%202025-05-23%20at%2013.46.52_b164e740.jpg</file>
            <file>file:/C:/Users/ACER/OneDrive/Documents/NetBeansProjects/BloodLink_Group8_37A/src/view/background.jpeg</file>
        </group>
    </open-files>
</project-private>
