<?xml version="1.0" encoding="UTF-8"?>
<project-private xmlns="http://www.netbeans.org/ns/project-private/1">
    <editor-bookmarks xmlns="http://www.netbeans.org/ns/editor-bookmarks/2" lastBookmarkId="0"/>
    <open-files xmlns="http://www.netbeans.org/ns/projectui-open-files/2">
        <group>
            <file>file:/C:/Users/ACER/OneDrive/Documents/NetBeansProjects/BloodLink_Group8_37A/BloodLink_Group8_37A/src/view/SignUp.java</file>
            <file>file:/C:/Users/ACER/OneDrive/Documents/NetBeansProjects/BloodLink_Group8_37A/BloodLink_Group8_37A/src/view/Reset_Password.java</file>
            <file>file:/C:/Users/ACER/OneDrive/Documents/NetBeansProjects/BloodLink_Group8_37A/BloodLink_Group8_37A/src/view/Donate.java</file>
            <file>file:/C:/Users/ACER/OneDrive/Documents/NetBeansProjects/BloodLink_Group8_37A/BloodLink_Group8_37A/src/Dao/UserDao.java</file>
            <file>file:/C:/Users/ACER/OneDrive/Documents/NetBeansProjects/BloodLink_Group8_37A/BloodLink_Group8_37A/src/Database/MySql.java</file>
            <file>file:/C:/Users/ACER/OneDrive/Documents/NetBeansProjects/BloodLink_Group8_37A/BloodLink_Group8_37A/src/Database/Database.java</file>
            <file>file:/C:/Users/ACER/OneDrive/Documents/NetBeansProjects/BloodLink_Group8_37A/BloodLink_Group8_37A/src/bloodlink_group8_37a/BloodLink_Group8_37A.java</file>
            <file>file:/C:/Users/ACER/OneDrive/Documents/NetBeansProjects/BloodLink_Group8_37A/BloodLink_Group8_37A/src/view/Blood_Storage.java</file>
            <file>file:/C:/Users/ACER/OneDrive/Documents/NetBeansProjects/BloodLink_Group8_37A/BloodLink_Group8_37A/src/Image/bd.jpg</file>
            <file>file:/C:/Users/ACER/OneDrive/Documents/NetBeansProjects/BloodLink_Group8_37A/BloodLink_Group8_37A/src/Dao/LoginDao.java</file>
            <file>file:/C:/Users/ACER/OneDrive/Documents/NetBeansProjects/BloodLink_Group8_37A/BloodLink_Group8_37A/src/Database/DatabaseConnection.java</file>
            <file>file:/C:/Users/ACER/OneDrive/Documents/NetBeansProjects/BloodLink_Group8_37A/BloodLink_Group8_37A/src/controller/signuppcontroller.java</file>
            <file>file:/C:/Users/ACER/OneDrive/Documents/NetBeansProjects/BloodLink_Group8_37A/BloodLink_Group8_37A/src/model/User.java</file>
            <file>file:/C:/Users/ACER/OneDrive/Documents/NetBeansProjects/BloodLink_Group8_37A/BloodLink_Group8_37A/src/view/shareyourstory.java</file>
            <file>file:/C:/Users/ACER/OneDrive/Documents/NetBeansProjects/BloodLink_Group8_37A/BloodLink_Group8_37A/src/model/Story.java</file>
            <file>file:/C:/Users/ACER/OneDrive/Documents/NetBeansProjects/BloodLink_Group8_37A/BloodLink_Group8_37A/src/view/Book_Appointment.java</file>
            <file>file:/C:/Users/ACER/OneDrive/Documents/NetBeansProjects/BloodLink_Group8_37A/BloodLink_Group8_37A/src/Dao/AppointmentDao.java</file>
            <file>file:/C:/Users/ACER/OneDrive/Documents/NetBeansProjects/BloodLink_Group8_37A/BloodLink_Group8_37A/src/view/Blood_Appointment.java</file>
            <file>file:/C:/Users/ACER/OneDrive/Documents/NetBeansProjects/BloodLink_Group8_37A/BloodLink_Group8_37A/src/Dao/BloodAppointmentDao.java</file>
            <file>file:/C:/Users/ACER/OneDrive/Documents/NetBeansProjects/BloodLink_Group8_37A/BloodLink_Group8_37A/src/model/CurrentUser.java</file>
            <file>file:/C:/Users/ACER/OneDrive/Documents/NetBeansProjects/BloodLink_Group8_37A/BloodLink_Group8_37A/src/view/Dashboard.java</file>
            <file>file:/C:/Users/ACER/OneDrive/Documents/NetBeansProjects/BloodLink_Group8_37A/BloodLink_Group8_37A/src/view/CampaignDetails.java</file>
            <file>file:/C:/Users/ACER/OneDrive/Documents/NetBeansProjects/BloodLink_Group8_37A/BloodLink_Group8_37A/src/view/Donation_History.java</file>
            <file>file:/C:/Users/ACER/OneDrive/Documents/NetBeansProjects/BloodLink_Group8_37A/BloodLink_Group8_37A/src/view/Login.java</file>
            <file>file:/C:/Users/ACER/OneDrive/Documents/NetBeansProjects/BloodLink_Group8_37A/BloodLink_Group8_37A/src/controller/LoginController.java</file>
            <file>file:/C:/Users/ACER/OneDrive/Documents/NetBeansProjects/BloodLink_Group8_37A/BloodLink_Group8_37A/src/view/CheckEligibility.java</file>
            <file>file:/C:/Users/ACER/OneDrive/Documents/NetBeansProjects/BloodLink_Group8_37A/BloodLink_Group8_37A/src/view/Cancel_Reschedule.java</file>
            <file>file:/C:/Users/ACER/OneDrive/Documents/NetBeansProjects/BloodLink_Group8_37A/BloodLink_Group8_37A/src/Dao/DonationHistoryDao.java</file>
            <file>file:/C:/Users/ACER/OneDrive/Documents/NetBeansProjects/BloodLink_Group8_37A/BloodLink_Group8_37A/src/model/DonationHistoryModel.java</file>
            <file>file:/C:/Users/ACER/OneDrive/Documents/NetBeansProjects/BloodLink_Group8_37A/BloodLink_Group8_37A/src/controller/DonationHistoryController.java</file>
            <file>file:/C:/Users/ACER/OneDrive/Documents/NetBeansProjects/BloodLink_Group8_37A/BloodLink_Group8_37A/src/view/Blood_Stories.java</file>
            <file>file:/C:/Users/ACER/OneDrive/Documents/NetBeansProjects/BloodLink_Group8_37A/BloodLink_Group8_37A/src/model/BloodStoryModel.java</file>
            <file>file:/C:/Users/ACER/OneDrive/Documents/NetBeansProjects/BloodLink_Group8_37A/BloodLink_Group8_37A/src/Dao/StoryDao.java</file>
            <file>file:/C:/Users/ACER/OneDrive/Documents/NetBeansProjects/BloodLink_Group8_37A/BloodLink_Group8_37A/src/Dao/BloodStoryDao.java</file>
            <file>file:/C:/Users/ACER/OneDrive/Documents/NetBeansProjects/BloodLink_Group8_37A/BloodLink_Group8_37A/src/controller/BloodStoryController.java</file>
            <file>file:/C:/Users/ACER/OneDrive/Documents/NetBeansProjects/BloodLink_Group8_37A/BloodLink_Group8_37A/src/view/request.java</file>
            <file>file:/C:/Users/ACER/OneDrive/Documents/NetBeansProjects/BloodLink_Group8_37A/BloodLink_Group8_37A/src/model/RequestModel.java</file>
            <file>file:/C:/Users/ACER/OneDrive/Documents/NetBeansProjects/BloodLink_Group8_37A/BloodLink_Group8_37A/src/Dao/RequestDao.java</file>
            <file>file:/C:/Users/ACER/OneDrive/Documents/NetBeansProjects/BloodLink_Group8_37A/BloodLink_Group8_37A/src/view/EditProfile.java</file>
            <file>file:/C:/Users/ACER/OneDrive/Documents/NetBeansProjects/BloodLink_Group8_37A/BloodLink_Group8_37A/src/model/UserModel.java</file>
            <file>file:/C:/Users/ACER/OneDrive/Documents/NetBeansProjects/BloodLink_Group8_37A/BloodLink_Group8_37A/src/Dao/EditDao.java</file>
            <file>file:/C:/Users/ACER/OneDrive/Documents/NetBeansProjects/BloodLink_Group8_37A/BloodLink_Group8_37A/src/Dao/BloodStorageDao.java</file>
            <file>file:/C:/Users/ACER/OneDrive/Documents/NetBeansProjects/BloodLink_Group8_37A/BloodLink_Group8_37A/src/view/CampaignDetailsForAdmin.java</file>
            <file>file:/C:/Users/ACER/OneDrive/Documents/NetBeansProjects/BloodLink_Group8_37A/BloodLink_Group8_37A/src/Dao/CampaignDao.java</file>
            <file>file:/C:/Users/ACER/OneDrive/Documents/NetBeansProjects/BloodLink_Group8_37A/BloodLink_Group8_37A/src/model/Campaign.java</file>
            <file>file:/C:/Users/ACER/OneDrive/Documents/NetBeansProjects/BloodLink_Group8_37A/BloodLink_Group8_37A/src/view/BloodBanks.java</file>
            <file>file:/C:/Users/ACER/OneDrive/Documents/NetBeansProjects/BloodLink_Group8_37A/BloodLink_Group8_37A/src/view/BloodBanksforAdmin.java</file>
            <file>file:/C:/Users/ACER/OneDrive/Documents/NetBeansProjects/BloodLink_Group8_37A/BloodLink_Group8_37A/src/model/BloodBank.java</file>
            <file>file:/C:/Users/ACER/OneDrive/Documents/NetBeansProjects/BloodLink_Group8_37A/BloodLink_Group8_37A/src/Dao/BloodBankDao.java</file>
            <file>file:/C:/Users/ACER/OneDrive/Documents/NetBeansProjects/BloodLink_Group8_37A/BloodLink_Group8_37A/src/view/DigitalCertificate.java</file>
            <file>file:/C:/Users/ACER/OneDrive/Documents/NetBeansProjects/BloodLink_Group8_37A/BloodLink_Group8_37A/src/view/Profile.java</file>
            <file>file:/C:/Users/ACER/OneDrive/Documents/NetBeansProjects/BloodLink_Group8_37A/BloodLink_Group8_37A/src/view/EmergencyRequest.java</file>
        </group>
    </open-files>
</project-private>
