<?xml version="1.0" encoding="UTF-8"?>
<project-private xmlns="http://www.netbeans.org/ns/project-private/1">
    <editor-bookmarks xmlns="http://www.netbeans.org/ns/editor-bookmarks/2" lastBookmarkId="0"/>
    <open-files xmlns="http://www.netbeans.org/ns/projectui-open-files/2">
        <group>
            <file>file:/C:/Users/ACER/OneDrive/Documents/NetBeansProjects/BloodLink_Group8_37A/BloodLink_Group8_37A/src/view/SignUp.java</file>
            <file>file:/C:/Users/ACER/OneDrive/Documents/NetBeansProjects/BloodLink_Group8_37A/BloodLink_Group8_37A/src/view/Reset_Password.java</file>
            <file>file:/C:/Users/ACER/OneDrive/Documents/NetBeansProjects/BloodLink_Group8_37A/BloodLink_Group8_37A/src/view/Donate.java</file>
            <file>file:/C:/Users/ACER/OneDrive/Documents/NetBeansProjects/BloodLink_Group8_37A/BloodLink_Group8_37A/src/Dao/UserDao.java</file>
            <file>file:/C:/Users/ACER/OneDrive/Documents/NetBeansProjects/BloodLink_Group8_37A/BloodLink_Group8_37A/src/view/Donation_History.java</file>
            <file>file:/C:/Users/ACER/OneDrive/Documents/NetBeansProjects/BloodLink_Group8_37A/BloodLink_Group8_37A/src/Database/MySql.java</file>
            <file>file:/C:/Users/ACER/OneDrive/Documents/NetBeansProjects/BloodLink_Group8_37A/BloodLink_Group8_37A/src/Database/Database.java</file>
            <file>file:/C:/Users/ACER/OneDrive/Documents/NetBeansProjects/BloodLink_Group8_37A/BloodLink_Group8_37A/src/bloodlink_group8_37a/BloodLink_Group8_37A.java</file>
            <file>file:/C:/Users/ACER/OneDrive/Documents/NetBeansProjects/BloodLink_Group8_37A/BloodLink_Group8_37A/src/view/Blood_Storage.java</file>
            <file>file:/C:/Users/ACER/OneDrive/Documents/NetBeansProjects/BloodLink_Group8_37A/BloodLink_Group8_37A/src/Image/bd.jpg</file>
            <file>file:/C:/Users/ACER/OneDrive/Documents/NetBeansProjects/BloodLink_Group8_37A/BloodLink_Group8_37A/src/Dao/LoginDao.java</file>
            <file>file:/C:/Users/ACER/OneDrive/Documents/NetBeansProjects/BloodLink_Group8_37A/BloodLink_Group8_37A/src/Database/DatabaseConnection.java</file>
            <file>file:/C:/Users/ACER/OneDrive/Documents/NetBeansProjects/BloodLink_Group8_37A/BloodLink_Group8_37A/src/controller/signuppcontroller.java</file>
            <file>file:/C:/Users/ACER/OneDrive/Documents/NetBeansProjects/BloodLink_Group8_37A/BloodLink_Group8_37A/test/Dao/UserDaoTest.java</file>
            <file>file:/C:/Users/ACER/OneDrive/Documents/NetBeansProjects/BloodLink_Group8_37A/BloodLink_Group8_37A/src/view/Login.java</file>
            <file>file:/C:/Users/ACER/OneDrive/Documents/NetBeansProjects/BloodLink_Group8_37A/BloodLink_Group8_37A/src/model/User.java</file>
            <file>file:/C:/Users/ACER/OneDrive/Documents/NetBeansProjects/BloodLink_Group8_37A/BloodLink_Group8_37A/src/view/shareyourstory.java</file>
            <file>file:/C:/Users/ACER/OneDrive/Documents/NetBeansProjects/BloodLink_Group8_37A/BloodLink_Group8_37A/src/model/Story.java</file>
            <file>file:/C:/Users/ACER/OneDrive/Documents/NetBeansProjects/BloodLink_Group8_37A/BloodLink_Group8_37A/src/view/Book_Appointment.java</file>
            <file>file:/C:/Users/ACER/OneDrive/Documents/NetBeansProjects/BloodLink_Group8_37A/BloodLink_Group8_37A/src/Dao/AppointmentDao.java</file>
            <file>file:/C:/Users/ACER/OneDrive/Documents/NetBeansProjects/BloodLink_Group8_37A/BloodLink_Group8_37A/src/view/Blood_Appointment.java</file>
            <file>file:/C:/Users/ACER/OneDrive/Documents/NetBeansProjects/BloodLink_Group8_37A/BloodLink_Group8_37A/src/Dao/BloodAppointmentDao.java</file>
            <file>file:/C:/Users/ACER/OneDrive/Documents/NetBeansProjects/BloodLink_Group8_37A/BloodLink_Group8_37A/src/model/CurrentUser.java</file>
            <file>file:/C:/Users/ACER/OneDrive/Documents/NetBeansProjects/BloodLink_Group8_37A/BloodLink_Group8_37A/src/view/Dashboard.java</file>
        </group>
    </open-files>
</project-private>
