<?xml version="1.0" encoding="UTF-8"?>
<project-private xmlns="http://www.netbeans.org/ns/project-private/1">
    <editor-bookmarks xmlns="http://www.netbeans.org/ns/editor-bookmarks/2" lastBookmarkId="0"/>
<<<<<<< HEAD
=======
    <open-files xmlns="http://www.netbeans.org/ns/projectui-open-files/2">
        <group>
            <file>file:/C:/Users/VICTUS/Documents/NetBeansProjects/BloodLink_Group8_37A/src/database/MySql.java</file>
            <file>file:/C:/Users/VICTUS/Documents/NetBeansProjects/BloodLink_Group8_37A/src/view/SignUppage2.java</file>
            <file>file:/C:/Users/VICTUS/Documents/NetBeansProjects/BloodLink_Group8_37A/src/Images/background.jpeg</file>
            <file>file:/C:/Users/VICTUS/Documents/NetBeansProjects/BloodLink_Group8_37A/src/database/Database.java</file>
            <file>file:/C:/Users/VICTUS/Documents/NetBeansProjects/BloodLink_Group8_37A/src/view/Dashboard.java</file>
            <file>file:/C:/Users/VICTUS/Documents/NetBeansProjects/BloodLink_Group8_37A/src/view/CheckEligibility.java</file>
        </group>
    </open-files>
>>>>>>> 09d16c6b7a635938fad633c0714fd266f4e62e2b
</project-private>
